id,author,label,text
1178827004541640707_twitter,hx,0,theres a gay form grindr in btusn club that i lnow
1165349655452012544_twitter,hx,0,i wish i was born as a simple field mouse and not this terribly medicated erratic all consuming homosexual trapped in a capitalist society
1114190186039009281_twitter,hx,0,<user> if germany does not understand or have knowledge about the so called muslem brotherhood take a look at the nazi party
1179014642372362241_twitter,hx,0,okay what the deal with women and goodbye sex
1179006808024854534_twitter,hx,0,<user> that is the only way to be recognized by white folk talk about every negative black muslim immigrants experience you will be given platforms talk about what is wrong with western systems you will be sent to the corner
1269605209212420097_twitter,hx,0,<user> <user> this negro did not nothing wrong to you for you to burn him like that
1214800558306889728_twitter,hx,0,<user> so now trump cares about american immigrants bogus gop agendas
1178855234619224065_twitter,hx,0,<user> it wiuld be poetic justice for a woman of colour to take this nazi monster down what say you <user>
1122175914379399168_twitter,hx,1,<user> lol i am just gonna say karma is an army try to destroy us fufu not that easy bitch
1178177759971086336_twitter,hx,0,anyways the fact that her outfit directly violates france law abt no face coverings veils but is still headlined in paris fashion week shows that the law was never abt obscured facial identification but abt white supremacy and islamophobia
1172604807300943872_twitter,hx,1,<user> runs in conjunction with more migrants muslims blacks
1110650344466464768_twitter,hx,1,<user> damn he actually retarded
1178285716796841986_twitter,hx,0,but it more than that it really about people not accepting gays trans lesbians because if their religious beliefs for that reason it gives conservatives the cover of attacking free speech they are lying their ass off they do not want to not say faggot anymore
1105577547675459586_twitter,hx,0,i listen to the same songs everyday i love ariana and blackpink 😩 can they and selena release new albums please
1087241992558514177_twitter,hx,0,white paladin lotor au circles around lotor being happy okay
1208831325525958656_twitter,hx,0,y ’ all really on my tl harassing this girl cause her friend brought her sneakers the ghetto i swear y ’ all tell y ’ all worth everyday on here
1179076585703530497_twitter,hx,0,<user> i fucking hate you and i always will ❤️
1179018020942954496_twitter,hx,0,<user> good to know the people who alone made up half the deaths of the holocaust were not going to be completely forgotten just the last to be remembered
1179098308679274496_twitter,hx,0,<user> <user> what is wrong with white people can white people not be muslim you racist
1228881629562712064_twitter,hx,0,<user> they are both gay listen to better bands made by better bands gang
1257145287170306051_twitter,hx,1,bitches be with african niggas talkin about “ with papi 🥰 ” nah bitch you with baba 😫 😭
1179068092086984704_twitter,hx,1,that white devil ain t low 😒
1179021606397628416_twitter,hx,1,<user> <user> import more people from shithole countries voting for shithole politics and texas will be blue
1116701861090869256_twitter,hx,0,i am just a bitch
1178752360291520512_twitter,hx,1,jerk ass nigga 😂 that bh roe was retarded
1178441964997550085_twitter,hx,1,made a priv so i can call players niggers
1084123535914586112_twitter,hx,0,ino the type of bad bitch who would smack sasuke randomly
1178922020047740928_twitter,hx,0,<user> the majority of abusers are of anglo descent not many negroes are abusers it seem to be a desire of most anglos to as they say break in a child or tame them to comply white kids are more likely to be abused by someone they know
1178222483314479107_twitter,hx,0,<user> <user> <user> i love you
1195515140143058944_twitter,hx,0,<user> the campus is also a place where the law must be observed and should not be used as a cover for violence
1179050229170991104_twitter,hx,0,<user> <user> oh u gullible idiot read the entire ct bill it clear says that people facing religious persecution in the neighbouring countries will be given citizenship u think muslims are facing religious persecution in muslim countries
1082783411977150464_twitter,hx,0,mfs really be cheatin on u w bitches who look up to u amp dat copy errything u do post
1181666173274001408_twitter,hx,1,share hoes not loaves
1163102590617313280_twitter,hx,0,<user> <user> you keep crying and crying like a dumb nazi loving chud it ’ a really bad look
1093143978059464704_twitter,hx,1,highlight of my day being shouted at by some randoms in a car for being ‘ dressed like a lesbian ’
1178822160883867648_twitter,hx,1,<user> literal faggots 😭 😭 😭 😭 😭 😭 😭
1178954464440590336_twitter,hx,1,black be rollin dick in her throat this nigger this dick
1178918285368147969_twitter,hx,0,<user> <user> mr jihadi rapist of <number> year old and protector mass killer osama hiw do you do
1114386285387374592_twitter,hx,0,how are you going to mess with a bitch that looks up to me 💀
1252689061090938880_twitter,hx,1,<user> bollywood movies cheese naan and violently abusing immigrants
1179064112891842560_twitter,hx,0,<user> <user> dear lady basically u r advocating riyasat e madina with caliphate where non muslims 3 rd class citizens i am sure u r aware how sikh hindu christains minor girls abducted raped and converted to marry old muslim men u want that to replicate in kashmir
1203595146295742464_twitter,hx,1,<user> he must be talking to the alt right or nazism
1179074279175901184_twitter,hx,0,this is literally every white person in my business of art class and there even a girl who just plays solitaire who even plays solitaire i promise u the lecture is way more interesting
1178536799162908672_twitter,hx,0,<user> you are right <user> those kashmiri pandits were butchered and raped by jews and christians living in kashmir valley muslims have nothing to do with it mashallah keep up this attitude by the way aajkal aap jhande ko kandha dena wala dialogue nahi bolte
1179038507274125312_twitter,hx,0,<user> <user> also i find it very strange how men always seem to make it some completion of which gender is raped and murdered the most it should not be happening to anyone no matter the gender
1178784136917585920_twitter,hx,1,what a fake ass faggot
1179075753260077057_twitter,hx,1,i will slap da shit outta white girl bitch do not tell me you want my nigger cock
1179084603115626497_twitter,hx,0,i literally could never conceptualize a black queer person until i was like <number> i fully was under the impression that queerness was a white people thing because of the words and actions of my community
1178842875490131968_twitter,hx,0,<user> this illegal alien just raped a child luciano trejo dominguez <number>
1179099329266683905_twitter,hx,0,hey gay people it a free country we can march if we want to 😂
1178514704005771265_twitter,hx,1,tired of having shit skin
1204172896618393601_twitter,hx,0,<user> play it its actually really fun kinda above my skill level but i luv how it looks also cloud is a depressed gay
1178667690984128512_twitter,hx,1,<user> cries in ching chong
1179042873209233408_twitter,hx,0,towson parking is ghetto asf
1079488494463053824_twitter,hx,1,who havin a party i feel like being ghetto today
1178867086086553606_twitter,hx,1,<user> <user> do you mean palette you utter hillbilly
1179086522995208193_twitter,hx,0,on your bed you will be dying with the most severe pain ever you will cry and crawl yet no one can hear you it gonna be painful so painful you can not even kill yourself
1198265466889785344_twitter,hx,0,single life is very ghetto
1178922666629193729_twitter,hx,0,<user> <user> <user> <user> <user> <user> no need to argue with this delusional b*tch <censored> one day when she will get raped by her own bro then she will might understand the diff b w right and wrong
1179040822077116416_twitter,hx,0,he said you can do that where them white people be at not here milestone
1165384350726160385_twitter,hx,0,<user> <user> are not criminals the “ sworn enemy of the police ” if we are robbed raped attacked we call the police
1162244656924467202_twitter,hx,0,at first they love you then they hate you because they can not be you or simply will never understand you
1178497779049607169_twitter,hx,0,<user> <user> one where they president is a mob boss and running a crime syndicate out of the white house
1114639328888741889_twitter,hx,0,<user> keep i mind many many illegal immigrants have connections somehow to illegal tags all with pa design
1178488318281031680_twitter,hx,1,<user> good nite trailer trash
1081332046235078656_twitter,hx,0,that thing where you tie one running shoe than get distracted before shoe number two
1178670866768502785_twitter,hx,0,<user> <user> <user> <user> naam tak rocky handsome se copy kiya hai itna bhi nahin janta ki tere baap dada bhi hindu the and turk came and raped and some turned muslim and idiots like you think you ruled us for <number> years ja pehle history pad phir baat karna
1177683220273487875_twitter,hx,0,men lie women lie numbers do not
1179101399835185153_twitter,hx,0,twinja i can have sex with whomever and whenever i want also twinja i can not believe that lady had sex with her professor what a slut
1221659767900233738_twitter,hx,1,<user> <user> yeah and virus will not effect muslim 🤣
1116934108117176320_twitter,hx,0,kenny telling facts tho a lot of hoes really want to be gangstas out here just pay attention to her music choices
1246212346890072064_twitter,hx,0,a guy who ’ been homophobic to me did not just put a picture of flower boy on his story 😭 😭 these boys need to figure their shit out
1178935425148346370_twitter,hx,0,<user> <user> well let us see jeremy parades a black gf but that diversity a colleague tells white girls raped to shut up is also ok vaz his rent boys <number> yes if no investigation stone cold loser 2
1104131796256591872_twitter,hx,0,you can not expect a minority immigrant refugee to understand the intricacies of american racist rhetoric
1109880794552643589_twitter,hx,1,<user> that jihadist bitch has got to go now
1178934359216275456_twitter,hx,0,<user> <user> great you use support by neo nazi ultra right wing to be supported as a white supremacist racist kind of pres
1179051090689417216_twitter,hx,1,<user> <user> do not be stupid while hindus sikh and christian are coming here in india for saving there life the muslim are just illegal immigrants sucking our tax money
1122719949137465344_twitter,hx,0,seokjin just called me and said lesbian rights
1179103472685330432_twitter,hx,0,<user> <user> r u kidding it be all over the news lol media hawks would jump on it quick and make it front page where they d be sure to mention at least <number> times how many jews suffered n died in the holocaust 🙄
1178882798142312448_twitter,hx,0,i have been making it a point to read more stories with lesbians other queer protagonists because i still experience random gay guilt as i am recovering from years of family conservative christianity it very validating healing to read stories that reflect your existence
1178101883602272256_twitter,hx,1,my ching chong is so cutie
1232850058917355520_twitter,hx,0,should illegal aliens be counted in the us census
1178749750381817862_twitter,hx,0,<user> <user> happy birthday muzzy bear 💕
1173573288892731392_twitter,hx,0,<user> does it matter if i was offended think about the family of the suicide victim you are so retarded
1179050112099602433_twitter,hx,1,nothing says white bitch more than getting excited about almond butter
1205553682462449665_twitter,hx,0,also what kind of self respecting redneck woman from the south dreams of getting naked in hollywood movies
1075799268546502656_twitter,hx,1,<user> you must be retarded
1082070654801723395_twitter,hx,1,fuck if you gonna run on first get more blockers if not throw that bitch
1179029850205503488_twitter,hx,0,<user> <user> <user> more like authocratism the chinese are no facists but they would be on this like flies on a shit
1179052403431235584_twitter,hx,0,my solution would be to come out express the pain and mortification masc presenting black gay men feel on top of the already stigmatized experience of homosexuality resentment of heterosexuals the black church appeal to empathy and understanding apologize profusely
1079100239183675392_twitter,hx,0,instead of “ til death do us apart “ in islam we have “ til jannah unites us together “ and its the cutest thing ever
1178897834881499136_twitter,hx,0,sad nigga hours
1164149841225834496_twitter,hx,0,im so horny looking for someone who can help me to cum horny sexe milf sexy cumtribute domina gay bisexual littledick cock hot
1179098867989647363_twitter,hx,0,dear b o b nigga fuck you too dont nobody gaf
1178739925073747974_twitter,hx,1,<user> you mean the wypepo dindu nuffin damn
1214723482266656773_twitter,hx,1,the bi lesbian movement was definitely started by some bitch who was upset she couldn ’ t say dyke
1124072347944804354_twitter,hx,0,a muslim who plants a tree or sows a field from which man birds and animals can eat is committing an act of charity ” muslim
1178721862039347205_twitter,hx,0,a white man held the door open for me and i did not realize until i had opened the other door for myself and walked out i missed my chance for reparations
1178275494912913408_twitter,hx,0,<user> malcolm x was assasinated by rival black muslims not white nationalist or slavery supporter you see there and rosa parks is a different category not in the same class as mlk
1177992951974285312_twitter,hx,0,a customer told me suck a dick you fucking faggot at work bc i could not have access to his account bc he forgot his password 🤣
1178822517470965766_twitter,hx,0,dwts they all look good in white
1090259169322528769_twitter,hx,1,<user> what about men raped by women who just want to be pregnant or does not that happen 🤔
1114907282976825345_twitter,hx,1,that tweet was posted by femnazi and it gained a lot of attention we had to clean his search for days it just a really awful memory
1097116575352598529_twitter,hx,0,<user> are they illegal immigrants
1178824064107978752_twitter,hx,0,<user> <user> he totally indifferent to me i just like that he black and gay
1206208308446662656_twitter,hx,1,<user> he got banned retard
1178594579844603904_twitter,hx,0,apparently the leader using the name grandpa tuarus believes he is all powerful and has the right to send out orders for little asian women to get raped and kidnapped
1179098364572364802_twitter,hx,0,like that vlad bitch breaking into your house and control your body to be able suck some blood nah fam
1168729501095907328_twitter,hx,0,regression is a bitch i haven ’ t been this angry in a long time
1178780835367002113_twitter,hx,0,<user> do not you e girls have some way of contacting one another to make sure you do not get raped murdered beheaded
1178990134227718145_twitter,hx,0,<user> <user> <user> <user> her suspension must be permanent as she has had years of attacking people she disagreed with she even called for violence afainst white south africans and mocked indians calling them curry munchers
1143626964952965122_twitter,hx,0,approach with their shrill scrape
1081088552648097792_twitter,hx,1,<user> pelosi is in a boatload of trouble they are going full retard on day one
1082057438554218497_twitter,hx,1,<user> “ alexa what is the emoji for dense retard ”
1179067040977620997_twitter,hx,0,<user> <user> also doug may be hating the fact that he ever made this tweet <happy> regrets clowns
1091106800408190976_twitter,hx,1,tfw jews want to ban p*rn <censored> tfw now i agree with jews tfw i change my ideals get owned jews
1076969114462232576_twitter,hx,1,<user> we need it illegal immigrants are going to make this country much more dirtier like tucker said i ’ ve seen it in my hometown
1122785145415786496_twitter,hx,1,<user> oh yeah because jihadists love babies and moms yeah k
1178572230189572096_twitter,hx,1,white hennessy you know fuck this nigger slammin
1179070303772610565_twitter,hx,1,i might be fat but at least i am not a psycho gap tooth crater face stank hoe ass bitch fuck you bitch
1179048723634110464_twitter,hx,0,<user> the blue one is my favorite but they all look lovely
1117846516046204928_twitter,hx,0,they ain ’ t down w me but they kno i ’ m <number> bitch that it ’ up w
1178530577206644737_twitter,hx,0,<user> dm me
1177248526801276930_twitter,hx,1,<user> <user> at least they only made you guys out to be like la croix nazis and climate change deniers
1124719319324217345_twitter,hx,1,if a bitch start scratching amp pulling my hair during a fight omm imma stomp on a hoe head dumb ass bitch
1143523197855383553_twitter,hx,0,for the spice rainbow wendigo grind blue berries lightning nuts liverwarts nuts copper roots white seeds
1178539471068897281_twitter,hx,1,<user> fuck you rainy you fucking faggot
1178692320201527307_twitter,hx,0,<user> <user> people act as if you can not say the same about the states obviously not all americans are pro guns not all americans support their government treatment of immigrants and foreigners but when it comes to israel suddenly the logic changes
1178955999635496960_twitter,hx,0,<user> people centuries ago also raped treated black people as slaves and gassed jews we soon work out what is right and what is wrong and eating animals is wrong in our evolutionary history we have also been vegetarian
1161731812395274241_twitter,hx,0,<user> this is great though the story photo of my sophomore year dorm room felt a little too on the nose
1165536042658648065_twitter,hx,1,this man looks so fucking fine with just his white t shirt amp gold chain on — brb gonna make him my man
1079526566156070912_twitter,hx,0,i detest racialism because i regard it as a barbaric thing whether it comes from a black man or a white man nelson mandela
1174145333212930049_twitter,hx,1,you niggers need to sack up and tweet nigger
1225955964106366976_twitter,hx,1,<user> <user> stfu you retarded scumbag did you really verify the news or you spreading false information
1178887585831280640_twitter,hx,1,woke up to ncr propaganda spray painted onto my trailer this means war kimball you gay faggot
1178491619760312320_twitter,hx,0,so just pray for me
1104765689808764931_twitter,hx,1,<user> you do not even text me nomo hoe
1114575701305200640_twitter,hx,0,<user> <user> i learn islamic education in schools and im still gay honey
1178991139187085313_twitter,hx,0,<user> <user> infiltrators not indian muslims many cried muslims will be thrown out before assam nrc then why did they said more hindus are left out lol as for refugee muslims can not be religious persecuted in islamic country if pak was buddhist then muslim would be added
1171840147924480000_twitter,hx,0,uu niggas is to friendly now a days 🥴
1226293601384034304_twitter,hx,0,being a gay asian is so hard like even most gay asians don ’ t wanna date another asian
1172554911873196032_twitter,hx,1,<user> <user> no not really want to see some really horrifying videos i can share some of the muslim brotherhood terror videos
1235798120732098561_twitter,hx,1,you takin shots at a bitch that ’ ll neva care
1181734615939043328_twitter,hx,0,after some contemplation i ’ ve decided that i fucking hate drinking alcohol
1179104849222410240_twitter,hx,0,my new bit is saying <number> million jews died in the holocaust and logging off
1172073418365140993_twitter,hx,0,jontron is a fucking scumbag
1169991265171189760_twitter,hx,1,<user> it ’ mind poison islam
1258917258610515968_twitter,hx,1,<user> <user> thoughts on ralph being a kike
1179033606108266496_twitter,hx,1,<user> <user> ok let me send some illigal jihadi migrates in to your home
1178382366080950276_twitter,hx,1,man i hate niggers
1207529351023153152_twitter,hx,0,i like how the left portrays the right as rabid neo nazis but if you show them a pic of a negev in a bikini things get “ wild ”
1178629025511755776_twitter,hx,1,how dare them niggers swat my fortnite crush pokimaine
1187838569748029446_twitter,hx,0,whyte men that workout switch harder then women ol jiggly booty
1179057277032026113_twitter,hx,0,no dont kill yourself you are so spooky ahah
1087911902586523648_twitter,hx,1,according to the bougie niggers gouda is good cheese
1185318971651821568_twitter,hx,0,shout out to my niggers who cant tell the difference between austria and australia
1179081578326085632_twitter,hx,1,i am not gay but i will fuck your ass like a faggot
1178929672379387904_twitter,hx,0,she was also the best player and second top goalscorer with the super falcons who won the <number> <number> <number> african women championship october 1 st making nigeria proud sunday dare nigeria independence
1178760780587716608_twitter,hx,0,meekmill labels locking these youngbulls down the crazy part is most these artist rather get raped by somebody from a different race to feel like nobody ain t do nothing for them labels locking these youngbulls down the crazy part is most these artist rather g …
1178525686060867584_twitter,hx,0,<user> of course the bad guys in this story are going to just happen to be the already oppressed and those they perceive to be standing with them accelerating the corruption of their white supremacist puritanical utopia
1079092016158593024_twitter,hx,1,arsenal is a fucking small club with a lot of noise makers called fans livars
1263316123019345925_twitter,hx,1,<user> yo not gay its wit da bois
1179105114163990528_twitter,hx,0,<user> they must ve planted a white person brain in her like in get out
1178841952797810688_twitter,hx,0,<user> <user> of course they are all white supremacists you idiot
1089954688030494720_twitter,hx,0,<user> <user> wow sexy ass and sexy legs lady in black pantyhose and black heels
1170496284538671104_twitter,hx,0,lay down that pressure on the iffy niggas that will not leap
1243607084312285184_twitter,hx,0,<user> 💀 bitch like my tweet so i can compliment you
1178759428733952001_twitter,hx,1,i just read an instagram caption that said nothing like a monday morning send with the squad i fucking hate white people
1168727378786435075_twitter,hx,1,<user> <user> the democrats are the biggest threat to american freedom more than russia china iran and jihadis put together
1178833059946418177_twitter,hx,0,<user> true and any non muslims in muslim countries
1179064353376608257_twitter,hx,0,mr trudeau you pledged <money> million to the rohingya refugee crisis while we have a refugee crisis of our own flooding into quebec that you will not address you pledged <money> million to caribbean reconstruction while our own infrastructure in cities is falling apart why vote 4 u
1178220098420690944_twitter,hx,0,<user> them white folks was pissed 🤣
1179000983948427265_twitter,hx,0,why would that lil black girl lie about them white kids cutting her dreads that why they play hella games wid black people already annoying as fuck
1182374073646628870_twitter,hx,0,in every female bestie you will always find one lesbian 😊 😋 🤗
1178904032406130688_twitter,hx,0,yo can you all go ahead and get <user> up outta there too cuz if trumps gone and he president he gon be calling folks niggers and shocking gay people on live tv talkin about its jesus time bitches
1179098921827594240_twitter,hx,0,<user> all illegal immigrants or only muslim illegal immigrants
1197965498647867392_twitter,hx,0,i need to stop using all my high speed data before it resets not being able to see photos is so ghetto
1178382963521794050_twitter,hx,0,<user> i took off on break to get away from a room full of white ppl 🤷 🏽 ‍ ♀️ i feel like i am in danger of an attack be it verbal or physical especially if it a group that is drinking
1178931202092408832_twitter,hx,0,<user> <user> but that tweet is written by someone who wrote a show w a black woman being raped by a white man and later says thank you for doing it 🤦 🏾 ‍ ♂️
1179075391849263109_twitter,hx,0,<user> she is a hypocrite yaar speaks when muslim girls r raped but consumes fevicol when hindu girls r raped have you seen such a shameless hypocrite
1083089874855649281_twitter,hx,1,where all my sexy ladies at dm me lesbian girl4girl wantpussy
1178374402208980992_twitter,hx,0,man all these brown my parents will not accept my white partner stories are so wack like you know damn well it so much harder for the black partners of brown kids like i wanna watch a movie or story that deals with that i am tired of white ppl
1089280889857568768_twitter,hx,0,free everybody out da jam even da opps so we can max them niggas tf out
1103325139326754816_twitter,hx,0,bitches broken heart
1193298995734622215_twitter,hx,1,fellas is it gay to have gay friends
1117228200138960897_twitter,hx,0,bitches be childish
1179079794308374528_twitter,hx,0,ima say it again that young ma album for the hood dykes you studs really can not relate at least you all can stop using megan and city girl songs in ya captions
1178767984493518848_twitter,hx,0,why you give that pussy to that nigga for the free when you can not call him when you having an emergency meg
1188307543287681024_twitter,hx,0,stop niggafying every cartoon if they made the proud family white yall would riot
1175096935327440901_twitter,hx,0,i used to let so much shit stress me out how ghetto
1097362424498315264_twitter,hx,1,<user> fuck you and your anti white blood libel
1178771212002107392_twitter,hx,0,<user> should not this headline be the black girl that blamed white christian boys was a hoax seems that is how it was framed yesterday all over the media
1212772813653893120_twitter,hx,1,all that superfied ghetto hoe shit ain ’ t the wave truly
1179045784781836288_twitter,hx,1,<user> same with feminists nothing about the raping gangs attacking <number> year old white girls nothing about fgm although they are starting to demand nhs clinics to treat the victims but never any demand for the arrest of these criminals will lead to moslem only wards to our disadvantage
1178715635855056896_twitter,hx,0,i remember my redneck racist uncle once saying that minorities were gonna drive the us to a civil war nope it the racist white president who does not wanna go to jail
1178886553667604480_twitter,hx,0,i think it a conspiracy i think they are truly engaging in a slow modern holocaust globally in white people sknce <number> but instead of five years of hitler the reverse is a <number> plus year systematic invasion harassment and redistribution
1165990985500958721_twitter,hx,1,<user> still retarded and annoying lol
1179095915111550981_twitter,hx,0,you kno i love a slut
1111990755927691274_twitter,hx,1,<user> <user> keep running to russia you nazi sympathizer
1105927818184056832_twitter,hx,1,anyways shit man the rainbow flag represents lesbians better than that pink knock off garbage fire one
1179038745820987392_twitter,hx,0,<user> well that what kennedy said to get her to leave but kennedy was also worried buffy might make a move on willow because that just how queer women who have known each other for a decade act
1179102478710837249_twitter,hx,1,<user> i am black with all white freinds taco man
1178738502831198213_twitter,hx,0,my spirit just will not let me beef over a nigga
1179071354533888000_twitter,hx,1,<user> you mfs banning a fucking game like absolute retards
1178728288606445568_twitter,hx,0,<user> with the news of dykes going down do you expect kam wilson to step in to fill the dykes role
1179027386492428288_twitter,hx,0,<user> the labelling of other has a long history and us almost always a slide to internal or external war christian muslim ccommunist jew homosexual hutu tutsi serb simplistic labels dont help and the real trouble with brexit is that it has clarified which other we are
1097190252492480513_twitter,hx,0,<user> a bunch of little ghetto bastard children with no family structure
1143716074904383488_twitter,hx,0,i do not got hoes i am the hoe
1209761827657117696_twitter,hx,0,i dunno where does this h <user> on j3ws come from among msian muslims like to even idolise h tler im just speechless
1177308686190092289_twitter,hx,0,market tops are made in violence market bottoms are made quietly old wall street adage
1178031878277861376_twitter,hx,1,<user> i wonder how all the victims of islamic terrorisms would feel knowing that there a camel jockey in the government
1165694615946588161_twitter,hx,1,<user> <user> illham go back to somolia run for office there leave us alone you are a race baiting anti american illegal alien fraud
1220935440951336960_twitter,hx,1,<user> <user> islam makes all the fun stuff in life forbidden haram it sucks 😒
1261133642094518272_twitter,hx,0,the chance of getting me to open up is slim to none gl to whoever tries it will never work
1163533630855155714_twitter,hx,1,broke dirty funky underarms stinky ass bitch 😷 go shave hairy 🤮
1178304006134931462_twitter,hx,0,<user> <user> sounds familiar to the he wuz a good boy he dindu nuffin he was on his way home from church gettin his lyfe back on track doesnt it
1178948343394967552_twitter,hx,1,like and i had to the hedgehog would fuck themselves in the biggest nut niggers be like yeet bitch
1240143113504645120_twitter,hx,0,people are so racist to asians it ’ normalized i literally hate yall
1198656401213677573_twitter,hx,1,<user> <user> just like they will never be jews lol
1178522769547333632_twitter,hx,0,straights gay people are not even bullied or in danger anymore can we stop with these gay rights in reality me breathes triggered cis white male you fucking faggot i will fuck you up you are going to burn in hell you fucking sissy fuck faggot i d murder you all if i could
1091141176957329409_twitter,hx,0,larxene is out here serving looks in kh3 and fuck dude i sure am a lesbian
1121765912745586688_twitter,hx,1,cut them hoes of quic
1178700179257614337_twitter,hx,0,still the same nigga i am evolving doe
1094806088451469312_twitter,hx,0,<user> <user> my area pensioners saja pun ada liquor store 🤷 ‍ ♀ ️ 🤦 ‍ ♀ ️ dahla rata2 pious taoists buddhists christians muslims
1177597442662879234_twitter,hx,1,<user> you towel head ass hoed
1179090479196991488_twitter,hx,1,school is hella gay
1195238194415054848_twitter,hx,0,<user> <user> the hk police are nazi pure and simple total shame on them the should never ever be forgiven
1227326624489713664_twitter,hx,1,you can ’ t be a weak bitch if you wanna be a bad bitch
1216300407879884802_twitter,hx,0,son i fucking hate being single 😂
1203696964581257221_twitter,hx,1,just a reminder to my muslim moots that we can not say rest in peace
1182486444906037249_twitter,hx,1,<user> what is retarded dancing
1229382840485400576_twitter,hx,1,i ’ m tryna stop the violence but i can ’ t help but kill these hoes
1179012009037312000_twitter,hx,0,she was a holocaust survivor died on rosh hashanah
1179097295515787264_twitter,hx,0,brain your friends make cool queer art what do you make me my tabletop oc is extremely gay and also that tetris thing brain hm
1183889397655191553_twitter,hx,0,you went behind my back for a sophomore yet shes playing you by fw one of your homeboys 💀 which you dont even know about still but ok 😆
1178879179086917637_twitter,hx,0,new mgmt i call them white haired old men love to do things in secret was scrolling thru the new line up of mgmt in hr structure and i dont recognise nearly everyone dont even know they existed rumours rife but no concrete evidence until now
1178650031076909056_twitter,hx,0,i know this is somewhat hypocritical but what the fuck is the deal with queer guys and slightly too small white tshirts
1178125455725072385_twitter,hx,1,according to that piranha mouth dyke i am a level <number> gook 🥴
1185284570075336706_twitter,hx,0,child birth and the healing process after is the ghetto i would love ukulamanisa but wow child birth is low key traumatizing no lie 🤞 🏾
1178559091482021893_twitter,hx,1,<user> <user> <user> <user> at this point i do not remember how many times i have been called towelhead raghead dipperhead while driving truck now i just ignore them but i accept it from her she uses indian accent in her skits so this isnt far off
1098268960364134400_twitter,hx,0,you woke it problematic that heidegger was associated with the nazis me based that was basically the only not bad thing about him
1088355307632381952_twitter,hx,0,<user> economic holocaust have a word 😄
1179082772805087233_twitter,hx,0,tired of all white skinny girls thinking they can be models because they are white and skinny
1179102097029160960_twitter,hx,0,<user> <user> <user> <user> <user> pictures of a baby are not harassment your anti life bias is showing
1232998850647846915_twitter,hx,0,<user> soo being a nazi is perfectly ok because i get money yikes lol
1098421662385614849_twitter,hx,0,get this nigga zion some lugz those soles strong as shit
1196256638547701761_twitter,hx,1,<user> <user> yeah but you have not called immigrants subhuman degenerates who have no rights
1166073701361541120_twitter,hx,0,<user> we can totally tea hoe together tho 🥰
1179052456732266496_twitter,hx,0,<user> <user> <user> i could make the same argument to you whacko like sherm have gone nuts over one facet of this law illegal immigrant but this is about protecting the little guy against slum landlords harassment good citizens do not threaten illegal immigrants they should just call
1216520394938769408_twitter,hx,1,<user> fuck em let them towel heads burn
1178503708436418560_twitter,hx,0,feel like i should have a series on ao3 just filled with my most outrageously gay and unapologetically homoerotic stories prob call it queer rebellion or something
1178985525040037889_twitter,hx,1,<user> <user> <user> <user> <user> lol they all look the same face covered soy boys who want to control the freedom to assemble and speak freely losers
1124050621454270464_twitter,hx,0,<user> they sure did nazi that coming
1261351729104289792_twitter,hx,0,she ra gay only event no hets allowed 🚫
1105884352616058883_twitter,hx,1,i ’ m happy i came up around whites imagine being raised in the ghetto
1178852897423073283_twitter,hx,0,fuck it i am finna start watching power w the rest of you niggers
1178681566513500165_twitter,hx,1,<user> <user> that sounds great but blaming society for this and not the actual people sounds like you are a leftist people respond to incentives but importing people from shithole countries will turn the usa into a shithole country
1112718648030965760_twitter,hx,1,bruhh these niggas wasting my time
1179076264566644737_twitter,hx,0,everyday the same thing i have contracts on my life im going to get killed im dead its my fault im an nut a faggot everyone hates me the country wants me dead organize crime the police who does not want to see my die
1179024796966936576_twitter,hx,0,somehow i lost track of how many men i have slept with but i can still name all the women
1178882815259222017_twitter,hx,1,<user> you are not white bitch
1184377522357714944_twitter,hx,0,<user> <user> etnic supremacism the nazis did not think they we are wrong blood and nation
1105782686889791488_twitter,hx,1,boi i thought we was fenna die like a hoe
1123295873218293760_twitter,hx,1,niggas really be tryna keep yu around just to be on some bullshit raggedy bitches
1179105028918910983_twitter,hx,1,wanna be my main slut you gotta eat up eat up wanna be my sweet love but you is not anita
1178258189067833345_twitter,hx,1,niggas is faggots 😂 😭 slime
1143836411726061568_twitter,hx,0,breaking egypt 🇪 🇬 send home amr warda after blackmailing women nudes
1187767384024764416_twitter,hx,0,<user> arent u muslim clown
1178649070388367361_twitter,hx,1,not even in an ironic way yall are not funny bro stop exposing me to these weird white people who overexpose themselves to <number> forms of media and come out retarded because of it
1178879881070960641_twitter,hx,0,i just want a straight male friend that i can do nigga shit with i got too many queer male friends that i end up being the nigga in the group
1118166944081956871_twitter,hx,0,is it actually possible to save a hoe
1178825113115848706_twitter,hx,0,<user> <user> <user> do not disrespect yakima we the hillbilly version of tacoma
1179002132768477187_twitter,hx,0,fuck school too if i blow up i am out this hoe tf
1179088192701681672_twitter,hx,0,i am praying that this world really see the mindset of this what would people call her it not one healthy human being does this white everything is white so as she loses as all these diverse nationalities it all once again a scam racially and anti gay
1178282933305708554_twitter,hx,0,<user> <user> hey lady you need to get out more if you think people who are white cant be treated badly by blacks latinos or asians quit being a puppet
1212749581391450119_twitter,hx,1,don ’ t worry bout that bitch fuckin yo dawg u gotta let me choose i ’ m wit da winning crew don ’ t help no losers ima let em lose
1142486957303447554_twitter,hx,0,bro i love texas but fuck sometimes this bitch is too hot
1163214633056047106_twitter,hx,0,niggas love staying in contact with they old bitches
1179083088858451968_twitter,hx,0,<user> <user> yeah britisher came to trade after they traitors like mir jafar who betrayed own country and supporting britisher 😏 shame on mir jafar muslim and then jinnah who betray motherland 😐 anyways slavery is allow in muslim even they have permission to rape non muslim slaves
1179094346806759425_twitter,hx,1,<user> you draw like a faggot
1178864507554340867_twitter,hx,0,<user> you are right about it being time americans use their voice and vote i have never voted before in my life but that changes next year when i vote for <user> i have had it w you all labeling anyone who does not agree w you stupid redneck sexist racist etc
1178801700251021312_twitter,hx,1,lmao some criminal white bitch gets a spot on global news for her dog shit pop corn business while still being on parole worlds fucked
1179055207776489474_twitter,hx,0,women talking about sex everyone she fake slut bitch men talking about sex everyone wo larka hai kar skta hai wo fuck this double standard ‼
1179040376042266630_twitter,hx,1,sometimes you wanna hit the girl you like up but then you remember so many niggers already doing that then you just be like hell naah 🙁
1179077229961039873_twitter,hx,0,<user> <user> <user> a non functioning authoritarian government will not even work for the white conservatives most of them are white lower to middle class who are so terrified of becoming like the working poor they see every day a non efficient government will not help them there
1178712263105974275_twitter,hx,1,white boys and ghetto white girls make me sick i can not stand you all
1179104074119204864_twitter,hx,0,if a rape victim is laughing and make jokes after a rape it does not mean that she has not been raped <number> <number>
1176930078426574848_twitter,hx,0,that nigga rob said drums over flats and a proud bleu cheese advocate and you all let that boy talk crazy bout food to you all smh
1178993844668555264_twitter,hx,0,fuck you too soundwave
1179043316530331648_twitter,hx,0,yeah im a faggot and what are you disrespectful id rather be a faggot than a disrespectful child any day
1144441167435784192_twitter,hx,0,jus a white tee he do not need a stylist
1266536467662352384_twitter,hx,1,i heard a black girl hit a security guard dyke wit the meanest “ shut up bitch ” i ever heard in atlanta i was cryin dog
1179085872978784256_twitter,hx,0,<user> hello mr prime minister please help me 🙏 i am a refugee from afghanistan in indonesia since <number> i got the refugee card from unhcr in <number> and i am still waiting for the resettlement please help me for resettlement no job no hope for life no future please 🙏 😢
1178841789018640385_twitter,hx,1,you all bitches always posting some faggot ass shit smfh
1170122089707139072_twitter,hx,1,i had a long week so i just want to dress like a hoe and get drunk will that dream become a reality stay tuned
1145441752213385216_twitter,hx,0,<user> oh k thanks i would read the post if my phone wasn t retarded
1178956701233483778_twitter,hx,0,qatar has the death penalty for homosexual activity but at the same time there are no recorded cases of executions for it which pretty much exemplifies the state of law in the middle east in theory everything is prohibited in reality most things are not
1178657467586285574_twitter,hx,1,niggas in the army be fucking dykes lmaopoo how lil bro get pregnant riddle me that queer
1211674388334043142_twitter,hx,1,where is my ghetto hood king
1172231501657923586_twitter,hx,0,i hate you so much right now for bringing that damn bacteria back to the tl <user> literally looks like a bottled yeast infection
1087432275158093825_twitter,hx,1,some of you girls and gays never played with a huge bratz doll head and it shows
1179098530754940928_twitter,hx,0,<user> exactly it really feels like even if i was queer enough by their standards i d be disqualified because of my sexuality like seriously ugh do not get me started
1179100886657839104_twitter,hx,1,<user> <user> bernie sanders wants to rape women as well because that just a special kind of guy he is when he fantasizes
1179042271892627461_twitter,hx,0,just had such a moment flying saa this evening and all of the african air hostesses just boarded and they all look so nice and so happy and i am so happy to see them 😭 😭 😭 fuck guys i have missed home
1178678337662836737_twitter,hx,0,i miss the old queer eye where they d turn the straight guy into a slutty club gay with snake skin boots and frosted tips and instruct him go say shit like yo it fresh
1168407844095483904_twitter,hx,1,yeah humnh what how do i use this app i ’ m alittle retarded 👹
1179044917911400448_twitter,hx,0,<user> what if a muslim refugee lies says that he was persecuted because he had converted to any of these religions but reverts back to islam after getting indian citizenship taklu is fooling bengalis fact is that they dumped citizenship amendment bill after opposition in ne states
1255285704361496577_twitter,hx,1,<user> <number> million jews you f****ing <censored> jerk
1178606198809141249_twitter,hx,1,pope is asian you fucking dumb nigger
1178630624476712960_twitter,hx,0,<user> <user> <user> it makes no sense to say those things it makes no sense that women and men are getting raped it makes no sense because it should be common sense not to rape people
1179079483887951875_twitter,hx,0,<user> does that include illegal aliens
1179051068061294592_twitter,hx,0,<user> <user> <user> <user> did financial stability save jews from holocaust do you have any idea how much jews during hitlar rein was rich and prosperous
1178872539545776128_twitter,hx,1,tht bisexual person who said dyke apologized for it and deleted the tweet and all ppl are replying under the apology is stream my fancam and __ stans follow me like some ppl are so generic and unfunny it hurts
1178783093341048832_twitter,hx,0,if you have a problem with white people being white you are a racist if you think diversity in a white majority environment is a value you are a racist preemptive diversity such as affirmative action is a liability there nothing wrong with diversity but it okay to be white
1122691302037045258_twitter,hx,0,thoen deadass charged como que le iba hace algo al tipo but a for effort my guy 👌 🏼
1178948931218214912_twitter,hx,0,<user> trump ain t important enough for people to risk there lives there ain t enough now nazis white supremacists kk alt right to take on the <percent> of the nation and he knows it
1088873336657059841_twitter,hx,0,<user> yeah there all nazis
1179081262494969856_twitter,hx,0,goodmorning to all toxic abusive women only
1178850677986074624_twitter,hx,1,<user> americans deserve justice we have homelessness out of control in cities murders in cities illegal aliens that have murdered and raped running around free in the country you democrats need to do your jobs p you will never win
1178985339144196096_twitter,hx,0,a flower does not love you or hate you it just exists – mike white fumiyasankai forytffjapan <user>
1178728155034656770_twitter,hx,0,<user> <user> <user> we had them white ones tyvex or arco i forget <number> handle fucked 2 ft gash down them
1179035441854443520_twitter,hx,1,white devils like it i am drinking coffee brought to me by white devils sidekicks
1178951876349267968_twitter,hx,0,<user> i fucking hate you 😂
1125556263343968256_twitter,hx,0,<user> <user> rascism is not just for blacks browns muslims asians people who hate white people are rascist
1185115711481495553_twitter,hx,0,i just can ’ t vibe and party with anybody ready for my bitch to be with me in november
1179074887895400448_twitter,hx,1,<user> <user> <user> nah boys nah im out niggers
1271182796019638274_twitter,hx,0,yo my grandma is making a smoothie and deadass out all the fruits we had in the fridge in the bitch lmfao with whole milk
1178860861357772800_twitter,hx,1,<user> more white trailer trash trump supporters
1178485358075502592_twitter,hx,0,<user> <user> <user> <user> you called them white nationalists and racists when you are the only one bringing up skin color here put down the racism bud try being just an american for once
1179074935819558912_twitter,hx,0,<user> dude same when they brought in the stand your ground law i was nervous that another white would be off the hook the things they are gonna do to that bitch she deserves every bit
1178871534632325120_twitter,hx,1,i am not homophobic faggot
1178416456238866437_twitter,hx,1,your the biggest faggot if you do not like sports
1179088416220295169_twitter,hx,0,<user> <user> <user> hell no you used americans tax payers money on illegal immigrants and now you want to claim a state of emergency you made this mess clean it up
1164654529234628608_twitter,hx,1,<user> wishing jews a happy new year is antisemitic because it identifies them as jews
1179024491189559296_twitter,hx,1,aint nothin like a ride or die bitch she come thru and throw the <number> up love to fuck she even roll the piffy up
1102928161015255040_twitter,hx,0,<user> we can not be friends with jews and india at all
1178508067958382592_twitter,hx,1,saints please go get a white qb this week anybody better than that nigger teddy
1253650194270486530_twitter,hx,0,<user> ramadan kareem to all the muslim fans
1179103597633703936_twitter,hx,1,<user> on god those people are retarded bro 😂
1175159016793825280_twitter,hx,1,<user> brainwashed feminnazis they are not dictating to me do not disarm i repeat do not disarm
1195925569562693632_twitter,hx,1,<user> modern commercials are beyond retarded
1179014508305670147_twitter,hx,1,it always the white bitches that can not sing 😩 😂
1178658944136429571_twitter,hx,1,these country mfs never start on time land of the free home of the niggers
1177940451955019778_twitter,hx,1,<user> begone ching chong
1178702576726024193_twitter,hx,1,<user> <user> take what you will at the end of the day during our conversation 1 0 0 have probably murdered beaten raped and mutilated babies killed animals tortured all while we talked about fucking private conversations because a feminazi is mad men have private conversations
1082536285477072897_twitter,hx,0,trust me karma is a bitch 😉
1179075594526572545_twitter,hx,1,any nigga that hop in female beef and add to it instead of trying to stop it is a whole complete faggot
1188771311658717187_twitter,hx,0,<user> <user> lol buying an anti nazi shirt off etsy doesnt count
1096954201245020161_twitter,hx,0,<user> what about the guy that just killed <number> people white guy or immigrant
1144571404752265217_twitter,hx,0,<user> not white again
1178888593747664897_twitter,hx,0,<user> <user> i fucking hate you so much 😂 😂 😂
1233459573987643392_twitter,hx,1,some of y ’ all followers retarded and you know it lmao id block their ass moe
1178382775482638337_twitter,hx,1,if kyrie irving nigger ass thinks he getting a warm welcome in boston he can forget it
1144441414891311105_twitter,hx,0,its the summer time so niggas are going to disrespect their boys just to catch a body
1178682290408431617_twitter,hx,0,<user> <user> they are all white too
1178249976201261056_twitter,hx,0,<user> <user> but nokuthula is the first barrier to their businesses so they are protecting nokuthula so we can see that having white protection gives you ultimate protection you know the house negro shows of benefits of being one mugabe was for the people gaddafi for africa hani for africa
1178893441687678976_twitter,hx,0,ok so rolling loud was fun all but who ever invented mosh pits i fucking hate you damaged
1178808989552787457_twitter,hx,0,are ps4 faggots still mad that the best game atlus will ever make is tokyo mirage sessions yeah they mad mad is the only ps4 exclusive
1178859191374618624_twitter,hx,1,let it go if the hoe want hoe than let it go
1178589373513764864_twitter,hx,1,<user> <user> lol na dem faggot gang 🤣 🤣 🤣 🤣 🤣
1204799613724704771_twitter,hx,0,<user> <user> climate change is a fucking hoax
1106711846881357824_twitter,hx,0,<user> <user> gavin newsom only cares about criminals and illegal aliens recallgavinnewsom
1104904416430194688_twitter,hx,1,all of my exes were cute but they were hoes i guess i only attract fly looking thots 😴
1208423404283596800_twitter,hx,1,<user> <user> you ’ re a sand nigger lover 🤮 😂
1178831414214696961_twitter,hx,0,<user> not to be rude or anything but you should message me or sumn but fuck you too jk jk
1179091556013428737_twitter,hx,1,wow do not all speak at once niggers
1187455867312103425_twitter,hx,0,<user> iron cross isnt nazi but who cares anymore right
1179105254484434944_twitter,hx,0,my school talking abt how theyre a great place to be like they dont allow anti queer radical christians to spew hate on campus every semester
1214857353398493184_twitter,hx,1,cute girly fantasy football team names jnr college lesbians glee gay guy
1178791724187111430_twitter,hx,0,<user> the thing about that quote though socialism was doing ok among americans including white christian salt of the earth americans but then mccarthyism happened it more complex of course but socialism did not just happen to be innately unattractive
1179102208392126465_twitter,hx,1,idk what it is but everytime i text people the laugh like they retarded 😂 😂
1080287219942735873_twitter,hx,1,<user> ok u still get passed onto high school retard
1174798419908448256_twitter,hx,0,<user> that isnt german you retard thats french
1178936648169603072_twitter,hx,0,right gay go have a spooky day
1178969000153214976_twitter,hx,0,i fucking hate you <number>
1179084900814725120_twitter,hx,1,<user> fuck the alphabet community lmao bunch of faggots
1219094200228175875_twitter,hx,0,you hate your life just be honest
1178490839552712704_twitter,hx,0,<user> but yeah fuck them white devils
1171245543172952064_twitter,hx,0,everyday somebody on here arguing my timeline so ghetto
1246071447644143617_twitter,hx,1,lol now im worried i will post my dressing up as bts albums pics and someone is gonna bash me for being muslim and posting my outfit
1179015605917237248_twitter,hx,1,<user> <user> get this nigger out of here
1231270633817985026_twitter,hx,1,<user> where ’ the argentina stats you retarded cunt
1117597598666362881_twitter,hx,1,y ’ all bitches walk around y ’ all dirty ass cribs with nothing on y ’ all feet amp y ’ all want a nigga to suck your toes spare me
1100358109636280321_twitter,hx,0,some people will hate you talk about you then they see you and show respect
1179012360482123777_twitter,hx,1,<user> <user> hey jihadi first stop introducing urself as an indian in foreign countries cuz i heard most overseas pakistanis are ashamed of revealing their real identity
1178932603635695617_twitter,hx,0,you wanna be asexual inclusive you have to be queer inclusive you wanna be trans and nonbinary inclusive you gotta be queer inclusive hell there are allosexual cis gays bisexuals and lesbians who identify as queer
1178820639886626817_twitter,hx,0,<user> i am dead i fucking hate you 😂 😂 😂
1163989090330730498_twitter,hx,1,<user> eggzactamundo negro im just saying im looking thru her tweets and ion think she gets it
1115697903681527808_twitter,hx,1,if you ’ re an army that is republican you are not welcome here we hate you
1179100163274661890_twitter,hx,0,<user> um says the woman who openly and publicly called for violence and harassment on republicans 🤔 democraticlogic
1179083277044461570_twitter,hx,0,<user> <user> <user> ahh racist white people quoting mlk when it clear they have not read anything more of his writings than i have a dream is my least favorite racist white person trope to be clear you are not interested in listening to the bishop or other people of color either
1179103206816784389_twitter,hx,0,<user> a white boy that can not shoot 😭 i be mad as hell i can shoot better then one of they ass
1177927419740770304_twitter,hx,1,happy birthday you fat dyke sharonda white 😂 😂 ❤️ ❤️ ❤️ ❤️
1084219828846628864_twitter,hx,0,hts has stormed the islamic court in ariha thus entering ariha
1094619078545817601_twitter,hx,0,<user> <user> lets not forget the typhoid outbreak in california yes brought in by illegal immigrants
1179104964750143488_twitter,hx,0,<user> <user> <user> there a video of this encounter and many other pics also a young woman who says she was raped by trump one of many
1179065369094344705_twitter,hx,0,<user> <user> this police spokesman white object is a fucking lier many medias captured the live situation police is killing hk people illegally kill whoever they want but still saying this is legal they are doing the right thing evil 😈 hk police force hk police is terrorist standwith hk
1174396421044408321_twitter,hx,0,scrape that shit off
1178826128338780160_twitter,hx,0,oh i fucking hate you cuz you a fucking time wasting motherfucker
1098509091247411200_twitter,hx,1,<user> <user> i ’ m blocked by ian he doesn ’ t like jews who don ’ t do as they are told
1178345903821905926_twitter,hx,0,white people say they have dark humour and then just call you a nigger and laugh it off bc they have black friends
1080000526685798400_twitter,hx,1,<user> it ’ not even very clever and seems retarded but it provides <number> lulz
1178976218512646144_twitter,hx,0,<user> <user> ikr its always some white girl and noah centineo give us the lesbians
1179010129318072321_twitter,hx,0,<user> only extreme examples of i can think of is white australia and bengal feminine but we did not created the famine on purpose
1254871802058141697_twitter,hx,1,<user> jews are the real nazis
1178672624186138624_twitter,hx,0,<user> should have been removed the last time he threatened this but making laws against people brown people black people gay people female people sick people poor people homeless people refugee people is more important than protecting our democracy of the people <user>
1178699187480924161_twitter,hx,0,woke up today to find bernie bros dragging the queer eye guys if you say anything less than complimentary about their guy regardless of when you said it or what marginalized group you belong to theyll come after you talons sharpened because that is how you build a movement
1178748502849052672_twitter,hx,1,you know those women you see around that have that trailer trash made up look with the bad eye makeup messy bun padded bra and super skinny meth body yeah they are probably meth addicts — author unknown
1179094068338409473_twitter,hx,1,<user> <user> notice the towelhead music in the background
1207554952685637633_twitter,hx,1,<user> ahh saba saba you can take the out of work jihadis in the <number> states to one of the congi states it of course kerala
1179001936844132354_twitter,hx,0,<user> they are taught every day in every direction that we are the white devil nothings going to change get used to it sad
1163281024706633728_twitter,hx,0,<user> <user> can not relate tho lmao i am not worried ab no tweets 😂 idc ab anyone and it twitter just scroll and laugh hoe
1178774862569070597_twitter,hx,0,fuck me what a terrible game sooner greasy hook nose is gone the better
1178884300520988672_twitter,hx,1,<user> slayter is also a faggot
1081649370527862785_twitter,hx,1,<user> that ching chong nigga sound good with that gdjskscwdiswigshsbgdvce
1117452142397116417_twitter,hx,1,<user> got mad at me because i told him he was gay in 4 th grade was i serious yes is he gay yes
1178261446683234304_twitter,hx,0,fought so hard to 🤐 the other day an trump supporter says here niggers brung gay in 1 9 8 0 💁 🏼 ‍ ♂️ wanted to get ha but 🤐
1092154818569879554_twitter,hx,0,we got a picture of an angel holding a photo inside a shoebox it was made of smoke it smiled
1178788376822071296_twitter,hx,0,gonbee i choose sara joe nobody is going to hurt my favourite lesbian <number> <number> <number> <number> <number> <number> >:(
1179036423929901056_twitter,hx,1,please revive i can not guarantee your guy watch out here doing space shit whilst i am making twitter bots who nut niggers
1259946737957044228_twitter,hx,0,<user> yes unless theyre all gay amp reclaiming the slur yes they are
1179025686318784517_twitter,hx,0,anyone leaked the info on who at youtube is the white supremacist neonazi fiddling with the algo seems that should drop next right along with the metrics linking up the infosec talking heads with their harassment and nazi socks right guise
1179062376588627968_twitter,hx,1,<user> i remember when it was great country cooking and a hillbilly country store now its just another commercial shops
1159348235552600064_twitter,hx,0,detective benson could ve got those caucasian cheeks clapped to dust
1252283123783602179_twitter,hx,1,<user> camel fucking arabs
1221103078906257408_twitter,hx,1,the racist and negro believe they should have an opinion and shouldn ’ t be opposed nah black gonna get at that negro rb
1209747839678636032_twitter,hx,1,there ’ no sympathy for immigrants because they ’ re “ illegal ” but last time i checked everyone is illegal on stolen land 😐 😐 😐 😐 😐 😐
1179094042023485441_twitter,hx,1,<user> he wanted to call people retarded but ended up being the one with mental problems
1179104739809734657_twitter,hx,0,<user> <user> it definitely is she started feeling bad for her and that was her 🦝 way of showing see i do not hate you those other black people might but i do not then she brushes her hair
1179273079563997184_twitter,hx,0,do you see that nice black and orange fish with a nice grin over there
1144544317953826816_twitter,hx,1,thank god islam has made circumcision obligatory have you seen uncircumcised dicks they are the most ugly looking things 😷
1194401879578611714_twitter,hx,1,i don ’ t trust bitches who dance in victoria ’ secret lol
1078177821728505856_twitter,hx,1,give me your money bitch that ’ all i want from you
1186658804336910336_twitter,hx,0,done wit yo nigga i just want his wallet 🥵
1144352457910366211_twitter,hx,0,started playing life like chess you niggas is pawns i headed straight for the king and queen they call the shots
1111414269822693376_twitter,hx,0,<user> that ’ good to know i see homosexuality was made legal in india as far back as <date> 👍 🏾
1178917769976389633_twitter,hx,0,<user> so white trash i love it
1179026590581194753_twitter,hx,1,hell yea bitch dis go hard as hell flocka i will suck big dick team slut all day and week month year and century i love big naps d i c k q u a d
1179089754689699841_twitter,hx,0,<user> why are white guys always such whiny little bitches
1178917112510853120_twitter,hx,0,i need to start entertaining people who understand my humor my hoe so boring 😪
1178905462902870016_twitter,hx,0,<user> then why are the other muslim women threatened or punished if not wearing hijab is it to force them to make feminist statements
1179105723831050240_twitter,hx,0,i was talking to a co worker about the local takeaway shops and instead of saying maggots i said faggots and i am ready to go kill myself oh my god maddie
1259526942635823107_twitter,hx,1,y ’ all hoes really lurking 🥴
1110212333303971840_twitter,hx,1,<user> proof that you are retarded because you play xbox that not even accurate lmao
1178866509139103744_twitter,hx,1,i have been communication banned twice in the past month for calling kids faggots on rb6 when my teammates kill me for no reason kids really can not handle this shit nowadays
1185218477478465536_twitter,hx,1,it high time we hindus should think that these filthy muslims should be allowed to live here or not kamleshtiwari ypg yourprophetisgay
1178374131898818561_twitter,hx,0,if you are a white lady who ready to call me a nigger but in a loving way hit me up ❤️
1112516650375495680_twitter,hx,0,some dear friends refugee from raqqa just sent phileena home with some syrian strong cheese and my love for cheese is forever changed
1106211579631202309_twitter,hx,0,his pink and black nail polish
1179061571961675776_twitter,hx,0,i can kill yourself just blew out
1103569197471272961_twitter,hx,0,white babies never impress me don ’ t try it
1197908317705850885_twitter,hx,1,<user> chile the ghetto 💀 💀 💀 they mustve stole it coz they hate u i
1170374452342902788_twitter,hx,1,converts are real jews n theres nothing u can do about it
1191534008183775232_twitter,hx,0,dapping up your skinny homies is annoying man you gotta be ready for a powerful embrace stop stumbling bro you scaring the women
1178474398644346881_twitter,hx,0,<user> hey i have a rd account but my links are all white and i cant tell which links are rd and the free ones how do i change the color of the links are the links the deb ones thanks for any help
1084733509372063745_twitter,hx,1,bitches be like i got <number> kids kaden jaden brayden zayden well damn bitch okayden 😭
1179105169050615809_twitter,hx,0,<user> um every skinny white boy with dark hair and sleep deprivation 😓 😓
1178904684179808256_twitter,hx,0,u kno what im turning gay fuck boys and men
1251628925605892100_twitter,hx,0,<user> why does this elitist privileged white speaker insist on giving to the chinese who and not to us americans
1171703732406489088_twitter,hx,0,cat dicks have barbs so it can scrape out competing sperm
1177761884361105410_twitter,hx,1,<user> <user> she ’ dating the person that told everyone i manipulated a schizo retard into fingering herself on camera for me
1117669628015255552_twitter,hx,1,you put a ring on that bitch amp she a hoe still 🤣
1198165663430463488_twitter,hx,1,<user> same imagine having to remind someone that they have to pay you back the ghetto
1238287444367286274_twitter,hx,1,anti violence laws just saved a white man from my nail scratches
1078129846138490880_twitter,hx,0,<user> scammer i hate you for putting nes roms on bandai namco blast instead of arcade roms
1179079220514832384_twitter,hx,0,this weather for jadakiss dykes
1179099255979462656_twitter,hx,1,i am slut for attention
1179037787254710278_twitter,hx,0,inna lillahi wa inna ilayhi rajiun death is inevitable may allah take our souls when he most pleased with us and forgive all of the muslim umma ameen
1178788157111668736_twitter,hx,1,<user> what do you say to the tens of thousands of american families who are killed assaulted and raped by illegal aliens and anchor babies
1178819176858824704_twitter,hx,0,alls my life i has to fight nigga
1178525090847379458_twitter,hx,0,family has always been important to me and i will hunt down people who hurt them you are freakin retard she may be my niece but she your freakin daughter some mother you are leaving her for some other kids that are not your own
1179047499216179202_twitter,hx,0,<user> i hate everything about this film not to mention it basically validating radical white violence as a result of being forgotten by society
1179004811716382720_twitter,hx,1,<user> ‍ will not talk to <user> ‍ or <user> ‍ because of bad optics but will go on a stream with kike doxxer laura loomer and talk shit on supposed tradthots you really are a pathetic piece of shit kid
1178807498234568704_twitter,hx,0,it so clear that phrasing is designed to exclude gay lesbian and bi people who are not woke enough to describe themselves using a slur but do not worry trans people are uwu queer enough anyway so we all get to stay
1178981535828996096_twitter,hx,0,<user> i d love to say i am a ship queer but deep down i know i am the pub type and the homosexual alcoholic 😂
1178736864485937155_twitter,hx,0,if i hear one more straight white boy say faggot or the n word
1178489668838535169_twitter,hx,0,mfs called me boujee and told me i talk like a white girl 🙄 sorry your ghetto ass does not know proper english and have zero class
1177940441926385671_twitter,hx,0,my mom and i were in the produce section of the supermarket she points in the general direction and just speaks in mandarin want ching chong i did not know what she said so i just start guessing everything in sight mushrooms pumpkins she went and picked up a pineapple
1189810555361513473_twitter,hx,1,<user> just hit on the back side of your railway minster jahil inshan the fat ugly gay guy most useless minster
1162462892152827904_twitter,hx,0,if no one else is gonna say it i will little violence gt tantrum
1203708372094267392_twitter,hx,1,never let a nigga with no money disrespect you that ’ ghetto 🥴
1193710071076839429_twitter,hx,0,i don ’ t get females 🤦 🏾 ‍ ♀ ️ there ’ never pressure behind no nigga dumb dumb 😂 🤝
1179037524573872129_twitter,hx,0,<user> <user> <user> and islam 7 th century outdated ideology created by arabs has no place in 2 1 st century
1178692538850582530_twitter,hx,0,you are a be rollin margiela fuckin this nigger slammin
1086775430013583360_twitter,hx,1,<user> <user> you ’ re a disgrace and a nazi
1092608520648880129_twitter,hx,0,o this white gurl liked chocolate dick
1261960905635610625_twitter,hx,1,this bitch in greys got mad at her husband so she bought the hospital that he works at power move but like extra
1178665123520622593_twitter,hx,0,one of the most redneck white boys in my class just said the n word and no one even flinched
1185251510466371584_twitter,hx,0,put the thooka down pussy nigga put yo fist up
1123591882024607744_twitter,hx,0,trump is a fucking idiot graham quotes a text message from strozk and then says sorry to the kids out there
1178649774355931136_twitter,hx,1,melodrama and red are those albums who will make you dance like a faggot then suddenly hit you with that heartbreaking and depressing tune that will make your brain left confused
1179052072412557312_twitter,hx,1,when i was younger i used to shake so much ass because that what we did in down south florida i moved to fort pierce and you can not pay me to because i let bitches tell me what studs dykes do and do not do
1168184749090902021_twitter,hx,1,dom fat ass will buy me food just to eat it i really fucking hate it here
1168186212894564352_twitter,hx,0,hadez do not wanna talk to u bitches stop suzi
1179043003350093824_twitter,hx,0,<user> this administration never fails to keep their white trashy unprofessionalism from leaking out
1083176818604036096_twitter,hx,0,kamijou kept running and kicked a slightly dirty polyethylene bucket scaring a black cat away
1237912216013344770_twitter,hx,1,coronavirus gone platinum with no features and she ain ’ t even hit africa yet beyonce has been mighty quiet
1169644417210343424_twitter,hx,1,it ’ payday bitches
1181247472674508804_twitter,hx,0,<user> i stand by refugees
1178687145839599617_twitter,hx,0,<user> <user> can you add btc to buff i thought you had to sell arcs or be a chinaman
